<?xml version='1.0' encoding='UTF-8'?>  
<!DOCTYPE hibernate-configuration PUBLIC  
   "-//Hibernate/Hibernate Configuration DTD 5.3//EN"  
   "http://hibernate.org/dtd/hibernate-configuration-3.0.dtd">  

<hibernate-configuration>  
   <session-factory>  
      <property name="hbm2ddl.auto">update</property>  
      <property name="dialect">org.hibernate.dialect.MySQL8Dialect</property>  
      <property name="connection.url">jdbc:mysql://localhost/sunlife_db</property>  
      <property name="hibernate.show_sql">true</property>
      <property name="hibernate.format_sql">true</property>
              <property name="hibernate.use_sql_comments">true</property>

      <property name="connection.username">root</property>  
      <property name="connection.password">root</property>  
      <property name="connection.driver_class">com.mysql.cj.jdbc.Driver</property>  
      <mapping class="com.entity.Employee"/>  
   </session-factory>  
</hibernate-configuration>